City,Lat,Lng,Max Temp,Humidity,Cloudiness,Wind Speed,Country,Date
Jamestown,42.097,-79.2353,17.51,67,100,1.79,US,1655038735
Hilo,19.7297,-155.09,25.16,95,75,0.89,US,1655038891
Busselton,-33.65,115.3333,14.9,62,100,13.73,AU,1655038813
Srednekolymsk,67.45,153.6833,12.54,38,17,3.92,RU,1655038894
Hithadhoo,-0.6,73.0833,28.54,70,100,2.16,MV,1655038895
Chokurdakh,70.6333,147.9167,11.5,40,8,5.52,RU,1655038896
Nador,35.174,-2.9287,24.14,73,100,3.6,MA,1655038897
Berdigestyakh,62.0989,126.6992,8.36,95,28,1.79,RU,1655038898
Uvalde,29.3669,-99.767,26.34,44,12,3.97,US,1655038899
Mataura,-46.1927,168.8643,0.82,96,100,0.86,NZ,1655038900
Butaritari,3.0707,172.7902,27.53,75,15,5.51,KI,1655038901
Grand Gaube,-20.0064,57.6608,21.32,89,100,2.68,MU,1655038902
Lüderitz,-26.6481,15.1594,20.17,53,100,4.26,NA,1655038829
Provideniya,64.3833,-173.3,1.72,73,42,1.16,RU,1655038903
Lumby,50.2498,-118.969,9.94,90,10,0.52,CA,1655038904
Rikitea,-23.1203,-134.9692,22.85,62,93,4.5,PF,1655038904
Tura,25.5198,90.2201,25.05,91,97,3.22,IN,1655038905
Riberalta,-10.9833,-66.1,17.11,82,75,5.14,BO,1655038783
Shenjiamen,29.9576,122.298,20.16,93,100,4.72,CN,1655038906
Amapá,1.0,-52.0,25.83,84,54,1.31,BR,1655038908
Kahului,20.8947,-156.47,24.36,90,2,4.47,US,1655038908
Tondi,9.7333,79.0167,29.76,71,96,8.26,IN,1655038909
Thompson,55.7435,-97.8558,14.45,53,100,3.27,CA,1655038909
Mango,27.9797,-82.3065,28.97,95,75,3.09,US,1655038910
Kapaa,22.0752,-159.319,24.15,84,21,2.24,US,1655038910
Khatassy,61.9036,129.6383,13.99,89,100,3.82,RU,1655038911
Iqaluit,63.7506,-68.5145,2.61,74,64,6.71,CA,1655038809
Bragança,-1.0536,-46.7656,29.14,66,31,2.11,BR,1655038912
Tiksi,71.6872,128.8694,3.92,77,89,4.3,RU,1655038913
Mar del Plata,-38.0023,-57.5575,10.61,78,0,1.08,AR,1655038914
Dunedin,-45.8742,170.5036,7.67,50,69,0.45,NZ,1655038819
Constitución,-35.3333,-72.4167,9.74,74,27,1.58,CL,1655038916
Carnarvon,-24.8667,113.6333,21.74,62,38,3.61,AU,1655038916
Choix,26.7092,-108.3219,26.13,59,100,0.19,MX,1655038917
Faya,18.3851,42.4509,28.63,20,45,8.12,SA,1655038919
Saint George,37.1041,-113.5841,26.08,20,2,1.34,US,1655038702
Manakara,-22.1333,48.0167,21.97,63,100,3.03,MG,1655038921
San Cristobal,7.7669,-72.225,19.39,98,100,2.06,VE,1655038923
Lompoc,34.6391,-120.4579,14.32,96,100,4.12,US,1655038732
Mashhad,36.297,59.6062,28.08,42,40,7.2,IR,1655038924
Severo-Kuril'sk,50.6789,156.125,6.66,93,83,3.54,RU,1655038924
Puerto Ayora,-0.7393,-90.3518,21.97,96,65,1.34,EC,1655038925
Bethel,41.3712,-73.414,19.72,85,100,3.46,US,1655038925
Okha,53.5739,142.9478,10.63,80,8,3.25,RU,1655038926
São João da Barra,-21.6403,-41.0511,20.05,88,100,1.62,BR,1655038787
Ol'ga,43.7444,135.2892,8.92,90,38,1.48,RU,1655038927
Mount Gambier,-37.8333,140.7667,10.34,84,99,1.65,AU,1655038928
Esperance,-33.8667,121.9,16.91,86,100,7.86,AU,1655038814
Mahébourg,-20.4081,57.7,21.25,94,75,4.63,MU,1655038631
Yulara,-25.2406,130.9889,12.15,45,0,3.93,AU,1655038931
George Town,5.4112,100.3354,27.96,78,20,0.0,MY,1655038801
Codrington,-38.2667,141.9667,11.57,79,100,4.51,AU,1655038932
Atar,20.5169,-13.0499,44.2,8,0,6.02,MR,1655038933
Salinópolis,-0.6136,-47.3561,28.28,73,7,3.92,BR,1655038933
Mukilteo,47.9445,-122.3046,12.73,85,100,0.89,US,1655038934
Saurimo,-9.6608,20.3916,29.59,23,24,1.42,AO,1655038935
Rome,43.2128,-75.4557,21.01,68,0,3.6,US,1655038935
Talnakh,69.4865,88.3972,20.11,37,100,3.44,RU,1655038936
Kulhudhuffushi,6.6221,73.07,27.65,79,100,5.68,MV,1655038936
Nortelândia,-14.4547,-56.8028,18.24,57,100,3.44,BR,1655038937
Belen,36.4891,36.2233,22.86,58,28,4.65,TR,1655038697
Luleå,65.5842,22.1547,16.04,67,0,5.66,SE,1655038939
Alice Springs,-23.7,133.8833,6.75,76,0,0.0,AU,1655038809
Goundam,16.4145,-3.6708,39.06,19,20,3.14,ML,1655038940
Khatanga,71.9667,102.5,19.65,34,4,4.67,RU,1655038941
Māngrol,21.1167,70.1167,28.92,74,90,6.34,IN,1655038942
Ust'-Kulom,61.6864,53.6902,17.17,31,8,4.73,RU,1655038942
Bengkulu,-3.8004,102.2655,26.46,77,100,1.3,ID,1655038943
Auki,-8.7676,160.7034,24.26,81,84,1.73,SB,1655038816
Lundazi,-12.2929,33.1782,24.61,28,5,2.7,ZM,1655038945
Opuwo,-18.0607,13.84,25.99,22,2,4.02,NA,1655038946
Yangi Marg`ilon,40.4272,71.7189,30.4,30,100,8.23,UZ,1655038947
Grand-Lahou,5.1367,-5.0242,28.26,68,42,3.91,CI,1655038948
Tasiilaq,65.6145,-37.6368,3.09,98,100,4.59,GL,1655038949
Aleksandrov Gay,50.147,48.5704,22.79,47,100,7.95,RU,1655038950
Sarangani,5.4033,125.4636,29.4,69,90,4.74,PH,1655038950
Narón,43.5167,-8.1528,23.71,77,88,7.79,ES,1655038951
Chikola,43.1906,43.9209,26.47,54,24,2.23,RU,1655038951
Avarua,-21.2078,-159.775,24.81,69,100,7.66,CK,1655038952
Aleksandrovskiy Zavod,50.9237,117.9374,11.27,95,37,1.13,RU,1655038952
Havre-St-Pierre,50.2334,-63.5986,13.39,65,6,1.76,CA,1655038954
Taltal,-25.4,-70.4833,15.4,69,20,1.82,CL,1655038954
Vaini,-21.2,-175.2,25.09,87,36,5.4,TO,1655038955
Nizhniy Baskunchak,48.2198,46.8311,30.17,28,89,6.76,RU,1655038955
Gaza,31.5,34.4667,29.38,61,0,6.21,PS,1655038956
Hasaki,35.7333,140.8333,17.22,87,34,4.1,JP,1655038718
Port Lincoln,-34.7333,135.8667,12.08,71,100,2.37,AU,1655038957
Ribeira Grande,38.5167,-28.7,19.22,63,40,5.14,PT,1655038810
Port Hardy,50.6996,-127.4199,8.96,88,97,2.29,CA,1655038959
Albany,42.6001,-73.9662,19.97,75,100,2.63,US,1655038960
San Carlos,9.6612,-68.5827,22.44,98,100,1.63,VE,1655038960
Torbay,47.6666,-52.7314,18.2,75,100,5.68,CA,1655038961
Cape Town,-33.9258,18.4232,22.93,36,100,2.68,ZA,1655038962
Zhigansk,66.7697,123.3711,12.06,68,100,0.7,RU,1655038962
Freire,-38.95,-72.6333,4.31,90,38,1.11,CL,1655038963
Tateyama,34.9833,139.8667,18.39,85,0,2.94,JP,1655038828
Vârfurile,46.3167,22.5167,26.29,54,51,1.42,RO,1655038964
Vanavara,60.34,102.2797,16.94,57,100,2.27,RU,1655038965
Lavrentiya,65.5833,-171.0,1.46,72,100,4.02,RU,1655038965
Bumba,2.1833,22.4667,31.55,48,100,0.69,CD,1655038825
Saskylakh,71.9167,114.0833,19.47,33,76,4.84,RU,1655038966
Bāfq,31.6128,55.4107,37.8,10,0,7.74,IR,1655038967
Kungurtug,50.5994,97.5228,20.69,29,5,0.89,RU,1655038968
Nouadhibou,20.931,-17.0347,20.93,76,0,9.92,MR,1655038969
Vilhena,-12.7406,-60.1458,17.34,70,97,2.92,BR,1655038970
Te Anau,-45.4167,167.7167,2.34,98,100,0.94,NZ,1655038809
Lorengau,-2.0226,147.2712,27.71,75,90,3.72,PG,1655038971
Saint Paul Harbor,57.79,-152.4072,6.73,81,0,2.57,US,1655038972
Pangnirtung,66.1451,-65.7125,0.65,94,79,1.2,CA,1655038972
Moïssala,8.3404,17.7663,35.27,36,98,1.91,TD,1655038973
Nanortalik,60.1432,-45.2371,4.41,90,100,1.81,GL,1655038973
Beringovskiy,63.05,179.3167,2.66,68,1,1.67,RU,1655038975
Bandarbeyla,9.4942,50.8122,34.68,43,100,10.3,SO,1655038975
Laas,46.6166,10.7002,26.87,27,21,2.02,IT,1655038976
Kyabé,9.4515,18.9449,38.09,29,99,0.45,TD,1655038823
Belaya Gora,68.5333,146.4167,15.67,44,5,2.75,RU,1655038977
Aras,42.5617,-2.356,27.23,34,20,4.12,ES,1655038977
Gushikawa,26.3544,127.8686,26.0,92,20,3.09,JP,1655038978
Leon Valley,29.4952,-98.6186,25.91,78,75,3.09,US,1655038981
Port Shepstone,-30.7414,30.455,22.3,52,98,3.49,ZA,1655038981
Bay Roberts,47.5999,-53.2648,18.62,77,100,3.13,CA,1655038982
Hohhot,40.8106,111.6522,20.16,37,40,4.0,CN,1655038760
Cumbum,9.7333,77.3,26.34,73,99,3.48,IN,1655038983
Vagay,57.9375,69.0217,17.32,86,43,2.81,RU,1655038983
East London,-33.0153,27.9116,27.48,25,3,5.43,ZA,1655038984
Andenes,69.3143,16.1194,8.99,81,75,4.63,NO,1655038985
Isangel,-19.55,169.2667,24.81,88,100,0.84,VU,1655038985
Pendleton,45.6721,-118.7886,15.34,86,65,2.68,US,1655038986
Kalemie,-5.9475,29.1947,26.17,56,48,4.09,CD,1655038825
Huadian,42.9633,126.7478,17.02,90,100,1.64,CN,1655038987
Jacmel,18.2342,-72.5347,29.91,64,23,2.1,HT,1655038989
Nelson Bay,-32.7167,152.15,10.61,73,3,0.89,AU,1655038986
Saint-Augustin,51.226,-58.6502,13.26,57,97,4.45,CA,1655038991
Karratha,-20.7377,116.8463,24.59,61,90,2.56,AU,1655038858
Jiexiu,37.0244,111.9125,22.97,19,0,1.94,CN,1655038992
Kununurra,-15.7667,128.7333,13.99,58,8,1.54,AU,1655038719
Sovetskiy,61.3614,63.5842,16.7,59,100,5.76,RU,1655038993
Ostrovnoy,68.0531,39.5131,15.1,69,100,10.4,RU,1655038994
Upernavik,72.7868,-56.1549,-2.71,83,100,6.37,GL,1655038994
Tuatapere,-46.1333,167.6833,2.23,91,11,1.02,NZ,1655038995
Korla,41.7597,86.1469,34.27,11,0,2.68,CN,1655038995
Mitú,1.1983,-70.1733,20.87,99,100,0.95,CO,1655038996
Santa Maria,-29.6842,-53.8069,7.3,60,0,2.86,BR,1655038996
Jackson,42.4165,-122.8345,15.95,92,100,2.24,US,1655038997
Panabá,21.2833,-88.2667,25.4,88,14,4.21,MX,1655038997
Sangāreddi,17.6294,78.0917,33.18,39,99,4.06,IN,1655038797
Katsuura,35.1333,140.3,18.62,89,11,2.58,JP,1655038777
Kālia,23.0396,89.6328,31.72,66,30,7.81,BD,1655038816
Saint Augustine,29.8947,-81.3145,28.36,83,40,4.63,US,1655039000
Camacha,33.0833,-16.3333,20.68,64,40,5.66,PT,1655039001
Strezhevoy,60.7333,77.5889,19.05,65,98,4.54,RU,1655039002
Bara,10.3744,10.7288,32.23,45,87,1.98,NG,1655039002
Taoudenni,22.6783,-3.9836,43.45,12,0,4.19,ML,1655039003
Fort Nelson,58.8053,-122.7002,8.53,66,38,0.88,CA,1655039004
Lagoa,39.05,-27.9833,16.3,74,0,9.34,PT,1655039004
Pontes e Lacerda,-15.2261,-59.3353,16.0,40,100,3.87,BR,1655038715
Zhalantun,48.0,122.7167,15.84,93,97,3.91,CN,1655039006
Khurba,50.4072,136.8819,14.26,77,96,0.49,RU,1655039007
Yellowknife,62.456,-114.3525,13.09,76,100,7.15,CA,1655039007
Santa Vitória do Palmar,-33.5189,-53.3681,9.27,77,72,4.96,BR,1655038784
Kodinsk,58.6881,99.1844,21.8,49,100,1.23,RU,1655038992
Águas Vermelhas,-15.7472,-41.46,24.8,54,100,2.02,BR,1655038773
Maxixe,-23.8597,35.3472,22.59,68,54,2.96,MZ,1655038982
Dikson,73.5069,80.5464,-0.14,94,75,7.35,RU,1655039011
Santa Rosa de Viterbo,-21.4728,-47.3631,18.14,59,100,0.72,BR,1655039012
Touros,-5.1989,-35.4608,29.19,59,13,4.16,BR,1655038863
Byron Bay,-28.65,153.6167,11.51,63,100,3.65,AU,1655039013
Kenai,60.5544,-151.2583,8.03,84,0,1.54,US,1655039014
Robertson,36.5167,-86.8667,24.38,85,0,2.57,US,1655039015
San Ramon,37.7799,-121.978,19.12,90,0,3.09,US,1655039015
Kargasok,59.0556,80.8572,20.13,65,82,5.61,RU,1655039016
Champerico,14.3,-91.9167,25.3,82,76,2.23,GT,1655039016
Oranjemund,-28.55,16.4333,19.83,50,100,7.03,NA,1655039018
Saint-Philippe,-21.3585,55.7679,23.77,82,89,7.31,RE,1655039019
Sambava,-14.2667,50.1667,24.83,73,18,8.46,MG,1655039020
Pacific Grove,36.6177,-121.9166,16.8,91,100,1.79,US,1655039021
Bilma,18.6853,12.9164,43.62,7,39,3.89,NE,1655039022
Hofn,64.2539,-15.2082,16.01,55,20,4.12,IS,1655039022
Ilhéus,-14.7889,-39.0494,25.9,94,20,1.54,BR,1655038748
Uruçuí,-7.2294,-44.5561,29.64,57,28,2.62,BR,1655038834
Yerbogachën,61.2767,108.0108,14.28,60,1,1.74,RU,1655039024
Tiarei,-17.5333,-149.3333,24.01,77,69,10.51,PF,1655039025
Kikwit,-5.041,18.8162,35.44,23,32,1.49,CD,1655038824
Lebu,-37.6167,-73.65,7.76,88,40,3.52,CL,1655039026
Port Blair,11.6667,92.75,28.26,77,100,3.47,IN,1655039027
Tarata,-17.6167,-66.0167,9.82,48,0,0.62,BO,1655039027
Nikolskoye,59.7035,30.7861,23.26,51,83,2.11,RU,1655039028
Banepā,27.6298,85.5214,25.18,69,40,4.12,NP,1655038797
Abu Samrah,35.3029,37.1841,29.69,25,0,12.72,SY,1655039029
Fairbanks,64.8378,-147.7164,10.51,77,0,3.09,US,1655039030
Lobito,-12.3481,13.5456,26.37,55,6,3.66,AO,1655039030
Leningradskiy,69.3833,178.4167,1.53,72,27,3.83,RU,1655039031
Emerald,-23.5333,148.1667,10.17,57,56,3.83,AU,1655038970
Skjervøy,70.0311,20.9714,9.0,83,100,3.05,NO,1655039032
Alvdal,62.1077,10.6307,17.55,39,100,5.89,NO,1655038946
Srandakan,-7.9386,110.2506,26.25,82,100,0.32,ID,1655039034
Ponta do Sol,32.6667,-17.1,24.84,74,17,0.68,PT,1655039035
Krasnosel'kup,65.7,82.4667,19.38,63,100,6.71,RU,1655039037
Kiryat Gat,31.61,34.7642,29.11,24,0,7.06,IL,1655039038
Kavieng,-2.5744,150.7967,27.88,78,47,6.1,PG,1655039039
Fortuna,40.5982,-124.1573,14.96,95,100,3.09,US,1655039040
Balabac,7.9868,117.0645,28.04,73,95,3.38,PH,1655039041
Sittwe,20.15,92.9,28.88,81,90,3.18,MM,1655038776
Carballo,43.213,-8.691,24.45,85,94,6.29,ES,1655039042
Ancud,-41.8697,-73.8203,9.01,79,100,4.8,CL,1655039042
Kruisfontein,-34.0033,24.7314,23.82,19,100,10.82,ZA,1655039043
Kaeo,-35.1,173.7833,17.4,79,19,9.77,NZ,1655039044
Henties Bay,-22.116,14.2845,20.48,57,0,4.85,NA,1655039045
Diamantino,-14.4086,-56.4461,17.77,59,99,4.21,BR,1655039045
‘Āhuimanu,21.4447,-157.8378,24.84,78,100,5.14,US,1655039046
Cockburn Town,21.4612,-71.1419,27.07,84,12,8.77,TC,1655039046
Buala,-8.145,159.5921,26.4,76,97,2.98,SB,1655039047
Ushuaia,-54.8,-68.3,6.42,94,100,1.85,AR,1655039047
Kumul,42.8,93.45,31.89,7,0,0.99,CN,1655039048
Yukon,35.5067,-97.7625,28.1,58,0,8.75,US,1655038776
Lata,40.1629,-8.3327,35.58,27,0,3.46,PT,1655039049
Kashgar,39.4547,75.9797,26.69,29,97,6.04,CN,1655039050
Laguna,38.421,-121.4238,21.36,80,20,3.6,US,1655039050
Port Dickson,2.5228,101.7959,28.12,74,100,0.83,MY,1655038863
Faanui,-16.4833,-151.75,26.34,77,16,8.02,PF,1655039052
Cabo San Lucas,22.8909,-109.9124,28.17,34,20,6.69,MX,1655039053
Zduńska Wola,51.5992,18.9397,27.36,61,76,0.45,PL,1655039053
Esim,4.8699,-2.2405,27.92,66,59,3.65,GH,1655039054
Makakilo City,21.3469,-158.0858,23.89,80,16,5.88,US,1655038781
Geraldton,-28.7667,114.6,17.23,63,75,4.12,AU,1655039055
Seoul,37.5683,126.9778,23.66,61,100,2.83,KR,1655038966
Magadan,59.5667,150.8,5.77,93,100,1.43,RU,1655039056
Bulgan,48.8125,103.5347,16.93,44,9,1.96,MN,1655039057
Coyhaique,-45.5752,-72.0662,0.34,86,75,0.0,CL,1655039057
Kieta,-6.2167,155.6333,26.06,81,66,1.98,PG,1655039058
Atuona,-9.8,-139.0333,25.65,62,84,6.83,PF,1655039059
Asuaju de Sus,47.5667,23.1833,28.49,47,14,2.34,RO,1655039060
Jerome,42.7241,-114.5186,17.05,75,100,2.57,US,1655039060
Pak Phanang,8.3511,100.202,28.14,73,100,1.28,TH,1655039061
Cam Ranh,11.9214,109.1591,29.98,70,20,4.63,VN,1655038811
Ilulissat,69.2167,-51.1,2.01,75,75,8.23,GL,1655039062
Deputatsky,69.3,139.9,11.95,49,4,4.55,RU,1655039063
Sturgeon Bay,44.8342,-87.377,13.2,82,0,5.14,US,1655039064
Coahuayana Viejo,18.7333,-103.6833,26.02,82,29,1.03,MX,1655039065
Dörtyol,36.8616,36.2289,25.54,62,0,5.1,TR,1655039066
Aklavik,68.2191,-135.0107,1.76,88,100,5.74,CA,1655039066
San Patricio,28.017,-97.5169,28.25,83,61,5.19,US,1655039067
Sioux Lookout,50.1001,-91.917,13.39,60,100,2.94,CA,1655039067
Waingapu,-9.6567,120.2641,24.57,76,83,5.11,ID,1655038792
Tadine,-21.55,167.8833,22.85,90,100,2.06,NC,1655039069
Cherskiy,68.75,161.3,13.4,36,17,3.82,RU,1655039070
Hatillo,18.4863,-66.8254,30.06,78,72,2.68,PR,1655039071
General Roca,-39.0333,-67.5833,10.03,33,100,2.48,AR,1655039071
Wajir,1.7471,40.0573,29.83,46,100,7.7,KE,1655039072
Olafsvik,64.8945,-23.7142,8.38,80,72,3.99,IS,1655039073
Paragominas,-2.9667,-47.4833,27.52,70,36,1.9,BR,1655039074
Barrow,71.2906,-156.7887,-1.99,86,100,1.54,US,1655039075
Limanowa,49.7059,20.422,25.49,46,26,3.55,PL,1655039076
Baykit,61.67,96.37,18.21,54,100,3.79,RU,1655039076
Novorzhev,57.0294,29.3338,23.36,45,1,2.34,RU,1655039078
Saint-Joseph,-21.3667,55.6167,23.21,79,47,7.4,RE,1655039080
Santa Cruz de la Sierra,-17.8,-63.1667,14.43,43,0,5.11,BO,1655038970
Dingle,10.9995,122.6711,26.07,83,37,1.57,PH,1655039081
Honiara,-9.4333,159.95,24.45,81,10,2.55,SB,1655039082
Chui,-33.6971,-53.4616,10.29,74,85,5.18,UY,1655039083
Clyde River,70.4692,-68.5914,0.13,93,100,4.12,CA,1655039084
Boshnyakovo,49.6333,142.1667,8.4,92,4,1.23,RU,1655038816
Shetpe,44.1667,52.1167,30.98,17,1,0.29,KZ,1655039087
Roebourne,-20.7833,117.1333,24.43,60,57,2.41,AU,1655039087
Iralaya,15.0,-83.2333,26.27,84,100,6.46,HN,1655039088
Shache,38.4167,77.2406,31.9,15,88,3.03,CN,1655039088
Linqu,36.5156,118.5397,21.99,65,100,3.21,CN,1655039089
Altenburg,50.9833,12.45,28.49,42,85,0.89,DE,1655039090
Kampot,10.6167,104.1833,29.03,82,100,3.77,KH,1655039090
Cabedelo,-6.9811,-34.8339,27.37,74,31,3.17,BR,1655039091
Tygda,53.1167,126.3333,19.31,53,100,2.71,RU,1655039093
Sur,22.5667,59.5289,33.97,50,0,6.98,OM,1655039094
Lodwar,3.1191,35.5973,34.23,28,0,4.44,KE,1655038813
Aykhal,66.0,111.5,12.84,60,84,2.9,RU,1655039095
Tornio,65.8481,24.1466,16.01,66,8,5.39,FI,1655039095
San Francisco,37.7749,-122.4194,19.03,94,40,4.02,US,1655039066
Mareeba,-17.0,145.4333,17.4,97,63,1.2,AU,1655038808
Ximeicun,24.9639,118.3794,22.73,98,100,0.5,CN,1655039085
Salina,38.8403,-97.6114,24.07,90,20,5.14,US,1655039098
Arraial do Cabo,-22.9661,-42.0278,19.92,88,75,3.09,BR,1655039099
São José da Coroa Grande,-8.8978,-35.1478,27.01,72,7,0.42,BR,1655039099
Kamenka,51.3223,42.7678,23.41,53,46,3.96,RU,1655039100
Noumea,-22.2763,166.4572,22.78,99,100,1.92,NC,1655038804
Merrill,45.1805,-89.6835,13.87,93,0,2.57,US,1655039102
Greenville,35.6127,-77.3663,26.97,82,75,2.06,US,1655039103
Guarapari,-20.6667,-40.4975,22.16,78,100,2.22,BR,1655039104
Romans-sur-Isère,45.0464,5.0562,35.46,23,0,2.57,FR,1655039104
Aswān,24.0934,32.907,45.09,5,0,5.99,EG,1655038833
Bayjī,34.9311,43.487,42.58,8,0,5.71,IQ,1655039105
Khandyga,62.6667,135.6,13.95,79,100,1.48,RU,1655039105
Lewisporte,49.2499,-55.0482,19.75,47,100,4.71,CA,1655039106
Porto Santo,33.072,-16.3415,22.21,64,40,5.66,PT,1655039107
Whitianga,-36.8333,175.7,15.16,81,18,9.68,NZ,1655038856
Superior,46.7208,-92.1041,14.14,79,0,6.69,US,1655039108
Hamilton,39.1834,-84.5333,22.17,92,75,2.57,US,1655039109
Port-Gentil,-0.7193,8.7815,28.98,74,75,4.12,GA,1655039111
Kaitangata,-46.2817,169.8464,2.6,87,67,1.99,NZ,1655039112
Djenné,13.9061,-4.5533,36.52,30,79,4.31,ML,1655039113
Punta Arenas,-53.15,-70.9167,8.06,81,75,2.06,CL,1655039113
Souillac,-20.5167,57.5167,22.34,84,90,7.46,MU,1655039114
Manama,26.2154,50.5832,41.1,30,0,6.17,BH,1655039114
Hambantota,6.1241,81.1185,31.19,70,40,6.17,LK,1655039115
Bereda,43.2686,-7.5406,20.23,87,100,3.6,ES,1655039115
Kavaratti,10.5669,72.642,26.42,84,100,6.05,IN,1655039116
Flinders,-34.5833,150.8552,10.77,74,7,4.49,AU,1655039117
Griffith,41.5284,-87.4237,22.37,88,100,0.45,US,1655039118
Ust-Nera,64.5667,143.2,11.07,55,7,2.6,RU,1655039118
Olinda,-8.0089,-34.8553,28.85,61,20,1.54,BR,1655039118
Saldanha,-33.0117,17.9442,17.51,69,100,8.94,ZA,1655039119
Los Llanos de Aridane,28.6585,-17.9182,22.29,82,75,5.66,ES,1655039120
Kangasala,61.4638,24.076,21.66,39,13,6.06,FI,1655039121
Manggar,-2.8833,108.2667,27.04,77,100,0.56,ID,1655038862
Ponta Delgada,37.7333,-25.6667,19.72,72,20,8.75,PT,1655039096
Acapulco de Juárez,16.8634,-99.8901,25.9,78,40,2.06,MX,1655039123
Bambous Virieux,-20.3428,57.7575,21.23,84,99,7.29,MU,1655039124
Chabahar,25.2919,60.643,29.91,77,0,6.19,IR,1655039124
Hong Kong,22.2855,114.1577,29.1,88,100,4.92,HK,1655039085
Chumikan,54.7183,135.315,3.52,100,95,0.5,RU,1655039125
Shar,49.5886,81.0453,28.86,33,100,3.73,KZ,1655039126
Bilibino,68.0546,166.4372,10.03,45,51,2.89,RU,1655039127
Yashan,22.1975,109.9419,26.54,85,98,1.02,CN,1655039127
Saint Anthony,45.0205,-93.218,18.91,85,100,6.17,US,1655039128
Japura,-0.3167,102.35,24.1,96,100,1.61,ID,1655039129
Radcliff,37.8404,-85.9491,24.04,75,75,4.12,US,1655039131
Santo Antônio do Sudoeste,-26.0736,-53.7253,7.81,53,0,2.15,BR,1655039131
Sabha,27.0377,14.4283,34.67,17,0,4.6,LY,1655039132
Umm Hājar,13.2954,19.6966,39.18,21,88,3.5,TD,1655039133
Manokwari,-0.8667,134.0833,26.28,79,21,1.47,ID,1655039134
Novikovo,51.1537,37.8879,25.11,62,97,1.25,RU,1655039134
Skibbereen,51.55,-9.2667,15.06,62,81,8.29,IE,1655039135
Hobart,-42.8794,147.3294,6.92,77,75,4.63,AU,1655039136
Cervo,43.6702,-7.4101,17.76,91,100,6.46,ES,1655039136
Labuhan,-6.8844,112.2051,26.98,82,100,2.76,ID,1655039137
Uyuni,-20.4597,-66.825,2.02,12,0,0.73,BO,1655039138
Morgan City,29.6994,-91.2068,28.0,100,0,3.09,US,1655039139
Palmer,42.1584,-72.3287,21.95,70,75,2.57,US,1655039139
Trondheim,63.4305,10.3951,18.03,61,100,1.34,NO,1655039140
Pouembout,-21.1333,164.9,21.32,90,100,0.51,NC,1655039140
Nantucket,41.2835,-70.0995,22.3,94,100,3.6,US,1655039141
Houma,29.5958,-90.7195,28.0,91,0,3.09,US,1655039142
Kismayo,-0.3582,42.5454,27.58,70,53,7.4,SO,1655039002
Tautira,-17.7333,-149.15,25.43,77,81,9.8,PF,1655039143
Balashov,51.5502,43.1667,23.02,52,71,4.48,RU,1655039143
San Policarpo,12.1791,125.5072,27.99,77,96,3.95,PH,1655039144
Dingcheng,32.1272,115.0394,23.82,69,100,2.29,CN,1655039145
Pangkalanbuun,-2.6833,111.6167,24.4,92,100,0.72,ID,1655039146
Guruvāyūr,10.5943,76.0411,26.47,82,100,4.81,IN,1655039146
Coffs Harbour,-30.3,153.1333,8.96,93,99,3.09,AU,1655039147
Touba,8.2833,-7.6833,25.95,71,100,2.1,CI,1655039148
Newberry,34.2746,-81.6187,26.92,85,100,0.52,US,1655039149
Ust-Kuyga,70.0167,135.6,17.13,40,0,5.56,RU,1655039149
Watertown,42.3709,-71.1828,23.43,68,0,3.09,US,1655039150
Matamoros,25.5333,-103.25,26.06,38,0,3.6,MX,1655039150
Airai,-8.9266,125.4092,14.25,91,100,1.54,TL,1655039151
Mikhaylovka,50.06,43.2379,27.66,43,4,5.07,RU,1655039152
Macapá,0.0389,-51.0664,27.99,78,40,2.57,BR,1655039153
Itaituba,-4.2761,-55.9836,26.93,78,51,0.67,BR,1655039153
Mâncio Lima,-7.6142,-72.8958,20.66,76,47,2.31,BR,1655039154
Panacan,9.2463,118.4082,27.75,73,85,0.53,PH,1655039155
Turukhansk,65.8167,87.9833,23.01,41,100,8.94,RU,1655039155
Thinadhoo,0.5333,72.9333,28.89,72,99,4.52,MV,1655039156
La Rioja,42.25,-2.5,24.88,22,100,1.08,ES,1655039157
Pringsewu,-5.3582,104.9744,23.94,96,100,1.77,ID,1655039158
Sarankhola,22.3082,89.7897,29.71,79,14,4.29,BD,1655039160
Bonfim,3.0833,-59.95,23.26,92,100,2.75,BR,1655039161
Tilichiki,60.4667,166.1,2.34,87,26,1.63,RU,1655039162
Felipe Carrillo Puerto,19.5833,-88.05,26.83,80,5,2.06,MX,1655039164
Nhamundá,-2.1861,-56.7131,26.11,86,52,0.38,BR,1655039156
Kormilovka,55.0026,74.1028,21.42,57,0,5.05,RU,1655039165
Panalingaan,8.7842,117.4231,26.86,78,79,1.49,PH,1655039166
Gōtsuchō,35.0,132.2167,17.05,82,100,3.3,JP,1655039167
Port Alfred,-33.5906,26.891,26.77,26,79,1.79,ZA,1655039168
Ayan,56.45,138.1667,6.09,96,100,1.49,RU,1655039169
Punta Alta,-38.8759,-62.0736,10.5,60,100,4.16,AR,1655039169
Nizwá,22.9333,57.5333,41.37,3,5,4.76,OM,1655039169
Norman Wells,65.282,-126.8329,6.02,100,100,6.69,CA,1655039170
Havøysund,70.9963,24.6622,8.13,95,100,14.66,NO,1655039171
Birobidzhan,48.8,132.95,15.96,89,97,0.83,RU,1655039171
Neuquén,-38.9516,-68.0591,2.94,81,100,2.06,AR,1655039172
Ambilobe,-13.2,49.05,29.05,44,15,0.33,MG,1655038972
Chapais,49.7834,-74.8492,12.23,89,100,3.2,CA,1655039173
Olean,42.0776,-78.4297,19.38,94,100,3.09,US,1655039174
Caribou,46.8606,-68.012,19.91,64,0,0.45,US,1655039175
Vakhrushi,58.6847,50.0261,16.75,47,63,4.51,RU,1655039079
Tuktoyaktuk,69.4541,-133.0374,0.63,95,100,4.3,CA,1655039176
Ahipara,-35.1667,173.1667,15.63,85,14,11.81,NZ,1655039177
Northam,51.0333,-4.2167,16.88,69,0,5.51,GB,1655039179
Shelburne,44.0787,-80.2041,15.98,98,66,4.85,CA,1655039179
Hvide Sande,56.0045,8.1294,17.27,85,24,8.1,DK,1655039181
Okahandja,-21.9833,16.9167,23.45,22,0,4.86,NA,1655039182
Luganville,-15.5333,167.1667,25.32,88,9,2.02,VU,1655039183
Dodoma,-6.1722,35.7395,27.41,33,91,2.9,TZ,1655039138
Qaanaaq,77.484,-69.3632,-1.84,76,99,2.21,GL,1655039185
Sobolevo,54.4299,31.8996,22.38,68,39,3.71,RU,1655039185
Trairi,-3.2778,-39.2689,27.76,73,46,3.53,BR,1655039186
Vengerovo,55.6848,76.7471,20.64,68,2,5.01,RU,1655039187
Severo-Yeniseyskiy,60.3725,93.0408,18.32,67,23,3.16,RU,1655039188
Namatanai,-3.6667,152.4333,26.3,80,31,3.53,PG,1655039189
Mahon,39.8885,4.2658,27.31,65,20,2.06,ES,1655039190
Arrifes,37.7667,-25.7,18.46,72,20,8.75,PT,1655039191
Esso,55.9333,158.7,5.29,96,100,1.38,RU,1655039191
Avera,33.194,-82.5271,26.42,76,90,3.06,US,1655039191
Middelkerke,51.1558,2.8418,22.31,62,20,7.2,BE,1655039192
Praia da Vitória,38.7333,-27.0667,19.31,72,33,9.04,PT,1655039192
Salinas,36.6777,-121.6555,17.45,85,75,4.12,US,1655039193
Miranda,3.2499,-76.2281,19.07,79,86,0.78,CO,1655038831
Talcahuano,-36.7167,-73.1167,8.82,81,100,1.54,CL,1655039194
Teya,60.3778,92.6267,20.6,60,32,2.07,RU,1655039194
Arlit,18.7369,7.3853,41.83,12,5,2.21,NE,1655039195
Pyapon,16.2833,95.6833,27.45,86,100,2.18,MM,1655039195
San Felipe,10.3399,-68.7425,23.43,94,100,1.51,VE,1655039196
Babu,24.4167,111.5167,24.31,96,100,1.36,CN,1655039197
Vung Tau,10.346,107.0843,28.71,77,59,4.43,VN,1655039142
Sistranda,63.7256,8.834,12.98,86,99,6.43,NO,1655039198
Atasū,48.6814,71.6433,22.47,43,100,7.82,KZ,1655039199
Grindavik,63.8424,-22.4338,9.26,81,100,4.12,IS,1655039200
Sitka,57.0531,-135.33,8.94,87,100,3.09,US,1655039200
Samarai,-10.6167,150.6667,27.16,81,62,4.78,PG,1655039201
Maniitsoq,65.4167,-52.9,3.0,84,94,10.09,GL,1655039202
Camaná,-16.6228,-72.7111,17.21,75,49,3.09,PE,1655039203
Kholuy,56.575,41.8692,20.1,38,7,2.44,RU,1655039204
Caravelas,-17.7125,-39.2481,25.9,72,100,2.1,BR,1655039205
Brewster,41.3973,-73.6171,19.18,84,100,1.54,US,1655039205
Bertoua,4.5833,13.6833,25.2,82,100,2.93,CM,1655039206
Ekhabi,53.5102,142.9671,11.07,79,7,3.53,RU,1655039207
Arawa,-6.2132,155.5367,24.48,88,67,1.52,PG,1655039208
Stromness,58.965,-3.296,12.98,79,100,7.15,GB,1655039209
Hermanus,-34.4187,19.2345,26.0,43,100,9.14,ZA,1655039209
Swan Hill,-35.3378,143.5544,10.32,72,73,2.65,AU,1655039210
Khāsh,28.2211,61.2158,25.36,36,100,5.66,IR,1655039210
Sopela,43.3789,-2.9831,25.59,70,20,4.92,ES,1655039211
Mana,5.6592,-53.7767,27.06,79,68,2.11,GF,1655039213
Zyryanka,65.75,150.85,12.62,51,61,2.31,RU,1655039215
Cururupu,-1.8283,-44.8683,29.58,63,44,2.63,BR,1655039215
Harper,4.375,-7.7169,27.6,72,91,4.13,LR,1655039216
Jacareacanga,-6.2222,-57.7528,25.34,77,99,0.73,BR,1655039217
Nieuw Amsterdam,5.8833,-55.0833,30.09,75,75,1.03,SR,1655039218
Tori-Fatehpur,25.45,79.1333,39.53,22,75,8.91,IN,1655039219
Natal,-5.795,-35.2094,27.36,83,40,2.57,BR,1655039220
Nizhniy Kuranakh,58.8353,125.4869,10.77,69,100,1.64,RU,1655039220
Oruzgan,32.8333,66.0,31.49,7,0,9.34,AF,1655039221
Hualmay,-11.0964,-77.6139,17.23,80,35,3.77,PE,1655039221
Muros,42.7762,-9.0603,25.38,60,7,6.86,ES,1655039222
Sumbe,-11.2061,13.8437,26.83,57,3,4.63,AO,1655039223
Qui Nhon,13.7667,109.2333,27.58,89,91,5.82,VN,1655039225
Vaitape,-16.5167,-151.75,26.32,77,17,8.14,PF,1655039225
Camacupa,-12.0167,17.4833,25.64,21,4,0.51,AO,1655039226
Whyalla,-33.0333,137.5833,11.87,73,100,3.31,AU,1655039226
Marzuq,14.4,46.4667,36.95,12,100,2.7,YE,1655039226
Tahoua,14.8888,5.2692,36.8,28,13,3.06,NE,1655039228
Yucaipa,34.0336,-117.0431,26.33,45,0,0.45,US,1655039229
Antsohihy,-14.8796,47.9875,30.79,35,55,5.82,MG,1655039229
Riyadh,24.6877,46.7219,43.08,6,0,2.86,SA,1655039230
Zhangye,38.9342,100.4517,23.24,8,0,3.28,CN,1655039150
Sheltozero,61.3667,35.3667,16.15,63,96,3.88,RU,1655039234
Deer Lake,49.1667,-57.4316,20.42,55,5,4.44,CA,1655039234
Doctor Arroyo,23.6667,-100.1833,17.25,86,100,2.58,MX,1655039235
Barra do Garças,-15.89,-52.2567,23.03,53,99,1.22,BR,1655039237
Seryshevo,51.0933,128.3786,18.3,65,100,3.18,RU,1655039238
Beidao,34.5686,105.8933,19.75,63,11,2.07,CN,1655039239
Ozieri,40.586,9.0012,32.67,20,0,3.81,IT,1655039239
Carutapera,-1.195,-46.02,29.36,63,15,3.51,BR,1655039241
Ciudad del Carmen,18.6333,-91.8333,27.02,78,40,7.2,MX,1655039242
Villa Vicente Guerrero,19.1194,-98.1708,13.72,73,1,1.33,MX,1655039242
Edd,13.9297,41.6925,35.05,49,71,5.06,ER,1655039243
Caála,-12.8525,15.5606,23.78,24,5,1.1,AO,1655039244
Vodnyy,63.5046,53.4095,16.79,26,0,5.06,RU,1655039245
Nadym,65.5333,72.5167,20.67,54,100,8.4,RU,1655039246
Lianzhou,24.7811,112.3825,24.27,98,100,1.1,CN,1655039247
Marsh Harbour,26.5412,-77.0636,27.49,77,100,6.05,BS,1655039247
Cayenne,4.9333,-52.3333,30.05,11,40,2.57,GF,1655039061
Meridian,43.6121,-116.3915,16.39,85,100,2.57,US,1655039248
Quatre Cocos,-20.2078,57.7625,21.16,85,100,7.25,MU,1655039250
Curuguaty,-24.4694,-55.6945,9.35,46,0,1.98,PY,1655039250
Pagudpud,18.5616,120.7868,27.71,84,100,1.78,PH,1655039250
Eyemouth,55.8713,-2.0901,16.57,62,73,9.01,GB,1655039251
Tupik,54.4253,119.9327,12.76,95,100,1.54,RU,1655039253
St. George's,12.0564,-61.7485,27.82,70,79,8.05,GD,1655039253
La Ronge,55.1001,-105.2842,11.15,89,92,1.41,CA,1655039254
Rio Grande,-32.035,-52.0986,12.06,72,3,8.63,BR,1655039254
São Filipe,14.8961,-24.4956,25.24,67,10,2.46,CV,1655039255
San Andrés,12.5847,-81.7006,27.01,83,100,3.6,CO,1655039132
Forsytheganj,52.6333,29.7333,23.59,60,5,3.77,BY,1655039256
Daru,-9.0763,143.2092,25.58,91,98,6.72,PG,1655039256
Manjacaze,-24.7117,33.8828,24.1,44,0,1.28,MZ,1655039258
Portoferraio,42.8115,10.3146,24.64,65,69,5.98,IT,1655039258
Vanimo,-2.6741,141.3028,26.07,84,12,2.41,PG,1655039259
Winnemucca,40.973,-117.7357,20.03,34,100,3.09,US,1655039260
Dakar,14.6937,-17.4441,28.49,81,91,3.98,SN,1655039203
Masagua,14.2031,-90.8481,27.4,88,100,1.24,GT,1655039261
‘Ewa Beach,21.3156,-158.0072,24.97,74,0,5.14,US,1655039261
Zhireken,52.8249,117.3076,12.48,91,100,1.34,RU,1655039262
Cefalù,38.0386,14.0229,26.97,67,8,1.34,IT,1655039263
Newport,51.5877,-2.9984,20.06,62,20,6.74,GB,1655039264
Visnes,59.3556,5.2242,14.03,77,75,6.17,NO,1655039264
Lillooet,50.6856,-121.942,10.14,82,29,1.31,CA,1655039265
Toora-Khem,52.4675,96.11,23.16,35,99,0.63,RU,1655039266
San Juan,-31.5375,-68.5364,11.01,42,26,1.39,AR,1655039011
Pankovka,58.5,31.1999,22.21,55,42,3.08,RU,1655039268
Hailun,47.45,126.9333,19.29,62,100,1.58,CN,1655039269
Bambanglipuro,-7.95,110.2833,26.16,82,100,0.35,ID,1655039269
Marawi,7.9986,124.2928,21.04,95,100,0.54,PH,1655039270
Cotonou,6.3654,2.4183,27.39,75,87,3.96,BJ,1655039271
Jijiang,29.2906,106.2542,23.54,96,98,0.56,CN,1655039272
Castro,-24.7911,-50.0119,7.47,47,15,3.62,BR,1655039273
Sinnamary,5.3833,-52.95,27.6,77,42,2.98,GF,1655039273
La Santisima Trinidad,-14.8333,-64.9,15.38,50,3,3.94,BO,1655039274
La Serena,-29.9078,-71.2542,8.73,93,100,3.09,CL,1655039276
Mezen',65.8522,44.24,20.56,35,100,3.51,RU,1655039277
Fort Morgan,40.2503,-103.8,21.68,59,0,2.06,US,1655039277
Charyshskoye,51.3978,83.5598,22.76,79,100,1.07,RU,1655039277
São Luís,-2.5297,-44.3028,31.11,58,20,5.14,BR,1655039278
Sola,-13.8833,167.55,26.76,78,19,4.52,VU,1655039278
Kutum,14.2,24.6667,34.67,20,100,8.44,SD,1655039279
Praia,14.9215,-23.5087,27.3,61,40,9.26,CV,1655039280
Julfa,38.9558,45.6308,32.93,33,19,5.04,AZ,1655039280
Bermejo,-32.8833,-68.8,9.55,52,56,0.65,AR,1655039281
Umeå,63.8284,20.2597,16.96,67,0,5.14,SE,1655039281
Nome,64.5011,-165.4064,3.04,70,100,3.09,US,1655039282
Mayumba,-3.432,10.6554,26.71,77,93,4.18,GA,1655039282
Batié,9.8833,-2.9167,32.71,45,90,1.66,BF,1655039283
Prado,-17.3411,-39.2208,25.4,71,100,2.33,BR,1655039284
Āsosa,10.0667,34.5333,25.04,56,75,2.38,ET,1655039284
Puerto Carreño,6.189,-67.4859,22.4,97,100,3.32,CO,1655039285
Manta,-0.95,-80.7333,23.88,83,75,3.09,EC,1655039285
Waitara,-38.925,174.25,11.94,91,100,13.22,NZ,1655039286
Koungheul,13.9833,-14.8,35.35,33,11,5.15,SN,1655039286
Anchorage,61.2181,-149.9003,8.96,82,75,2.06,US,1655039229
Ilhabela,-23.7781,-45.3581,19.35,71,100,2.76,BR,1655039288
Hirado,33.3597,129.5531,20.22,80,100,8.41,JP,1655039147
Aksay,47.26,39.87,32.36,27,85,4.92,RU,1655039289
Bartlesville,36.7473,-95.9808,26.21,89,0,3.13,US,1655039100
Poço das Trincheiras,-9.3125,-37.2856,25.65,76,52,0.08,BR,1655039059
Guerrero Negro,27.9769,-114.0611,17.28,92,20,4.81,MX,1655039290
Tāsgaon,17.0333,74.6,28.29,54,94,7.57,IN,1655039291
Smithers,54.7804,-127.1743,5.0,84,78,0.69,CA,1655039292
Trollhättan Municipality,58.2333,12.4167,16.89,59,40,8.23,SE,1655039292
Lewiston,44.1003,-70.2148,23.56,72,0,0.0,US,1655039293
Ayní,39.3941,68.5377,20.04,61,68,0.91,TJ,1655039294
Bluff,-46.6,168.3333,1.0,78,7,1.59,NZ,1655039295
Doka,13.5167,35.7667,34.92,31,99,3.25,SD,1655039002
Zhezkazgan,47.8043,67.7144,27.32,28,83,7.69,KZ,1655039298
Birigui,-21.2886,-50.34,15.74,35,100,2.17,BR,1655039299
